﻿흡연구역명,구분,소재지도로명주소,소재지지번주소,위도,경도,관리기관,데이터기준일자
안양역 흡연부스,안양시 만안구,경기도 안양시 만안구 만안로 232,경기도 안양시 만안구 안양동 88-10,37.400856,126.923099,만안구보건소,6/27/24
평촌역 2번출구,안양시 동안구,경기도 안양시 동안구 평촌대로 243번길,경기도 안양시 비산동 1110-2,37.394419,126.963394,KT동안지사,6/27/24
농수산물 도매시장,안양시 동안구,경기도 안양시 동안구 흥안대로 313,경기도 안양시 평촌동 934-1,37.382564,126.969848,농수산물도매시장관리사업소,6/27/24
KT동안지사,안양시 동안구,경기도 안양시 동안구 평촌대로 243번길,경기도 안양시 비산동 1110-2,37.3932401,126.954521,KT동안지사,6/27/24
안양종합운동장,안양시 동안구,경기도 안양시 동안구 평촌대로 389,경기도 안양시 비산동 1023,37.405141,126.947799,안양종합운동장,6/27/24
범계역 2번출구,안양시 동안구,경기도 안양시 동안구 동안로 128,경기도 안양시 호계동 1045,37.390085,12639516801,동안구보건소,6/27/24
범계역 8번출구,안양시 동안구,경기도 안양시 동안구 시민대로 180,경기도 안양시 호계동 1039,37.389614,126.949816,롯데백화점평촌점,6/27/24
금강스마트빌딩,안양시 동안구,경기도 안양시 동안구 관양동 1755,경기도 안양시 동안구 관양동 1755,37.396359,1256.964296,동안구보건소,6/27/24