﻿시설명,구분,형태,주소,규모_제곱미터,설치일,관리여부,관리기관,데이터기준일자
매화면사무소,실외,부분개방형,경상북도 울진군 매화면 매화1길 95,3.3,9/30/15,Y,매화면사무소,12/31/24
기성면사무소,실외,부분개방형,경상북도 울진군 기성면 척산2길 20-8,3.3,10/1/15,Y,기성면사무소,12/31/24
북면사무소,실외,부분개방형,경상북도 울진군 북면 부구3길 12,3.3,10/2/15,Y,북면사무소,12/31/24
근남면사무소,실외,부분개방형,경상북도 울진군 근남면 노음4길 6-7,3.3,10/3/15,Y,근남면사무소,12/31/24
온정면사무소,실외,부분개방형,경상북도 울진군 온정면 소태로 23,3.3,10/4/15,Y,온정면사무소,12/31/24
울진군청,실외,전면개방형,경상북도 울진군 울진읍 울진중앙로 121 (옥상),6,9/30/13,Y,울진군청,12/31/24
울진군청,실외,폐쇄형,경상북도 울진군 울진읍 울진중앙로 121 (민원실 옆),8.8,7/31/14,Y,울진군청,12/31/24
울진군청,실외,전면개방형,경상북도 울진군 울진읍 울진중앙로 121 (대회의실 옆),8.8,8/31/14,Y,울진군청,12/31/24